{"cameraMode":{"drawMode":0,"name":"Shaded","section":"Shading Mode"},"sceneLighting":false,"audioPlay":false,"sceneViewState":{"showFog":true,"showMaterialUpdate":true,"showSkybox":true,"showFlares":true,"showImageEffects":true,"showParticleSystems":true},"in2DMode":false,"pivot":{"x":2.296729803085327,"y":5.592092514038086,"z":62.820762634277347},"rotation":{"x":0.14536504447460175,"y":-0.807307779788971,"z":0.222843736410141,"w":0.5267484784126282},"size":49.438899993896487,"orthographic":false}