{"cameraMode":{"drawMode":0,"name":"Shaded","section":"Shading Mode"},"sceneLighting":false,"audioPlay":false,"sceneViewState":{"showFog":true,"showMaterialUpdate":true,"showSkybox":true,"showFlares":true,"showImageEffects":true,"showParticleSystems":true},"in2DMode":false,"pivot":{"x":5.291053295135498,"y":68.10011291503906,"z":66.49192810058594},"rotation":{"x":0.14536504447460175,"y":-0.807307779788971,"z":0.222843736410141,"w":0.5267484784126282},"size":26.186893463134767,"orthographic":false}