{"cameraMode":{"drawMode":0,"name":"Shaded","section":"Shading Mode"},"sceneLighting":false,"audioPlay":false,"sceneViewState":{"showFog":true,"showMaterialUpdate":true,"showSkybox":true,"showFlares":true,"showImageEffects":true,"showParticleSystems":true},"in2DMode":false,"pivot":{"x":0.7732224464416504,"y":2.7926974296569826,"z":-0.6488330364227295},"rotation":{"x":0.14536504447460175,"y":-0.807307779788971,"z":0.222843736410141,"w":0.5267484784126282},"size":17.57327651977539,"orthographic":false}