{"cameraMode":{"drawMode":0,"name":"Shaded","section":"Shading Mode"},"sceneLighting":true,"audioPlay":false,"sceneViewState":{"showFog":true,"showMaterialUpdate":true,"showSkybox":true,"showFlares":true,"showImageEffects":true,"showParticleSystems":true},"in2DMode":false,"pivot":{"x":-3.024366855621338,"y":-0.12838947772979737,"z":-8.090877532958985},"rotation":{"x":0.17272496223449708,"y":-0.8210687637329102,"z":0.43617814779281618,"w":0.3252089321613312},"size":18.303001403808595,"orthographic":false}