{"cameraMode":{"drawMode":0,"name":"Shaded","section":"Shading Mode"},"sceneLighting":false,"audioPlay":false,"sceneViewState":{"showFog":true,"showMaterialUpdate":true,"showSkybox":true,"showFlares":true,"showImageEffects":true,"showParticleSystems":true},"in2DMode":false,"pivot":{"x":-6.5614423751831059,"y":0.09000003337860108,"z":-16.0111083984375},"rotation":{"x":0.14536504447460175,"y":-0.807307779788971,"z":0.222843736410141,"w":0.5267484784126282},"size":12.968534469604493,"orthographic":false}