{"cameraMode":{"drawMode":0,"name":"Shaded","section":"Shading Mode"},"sceneLighting":false,"audioPlay":false,"sceneViewState":{"showFog":true,"showMaterialUpdate":true,"showSkybox":true,"showFlares":true,"showImageEffects":true,"showParticleSystems":true},"in2DMode":false,"pivot":{"x":-0.5532369613647461,"y":0.0,"z":-2.234365224838257},"rotation":{"x":0.10103297978639603,"y":0.1080341562628746,"z":-0.011021513491868973,"w":0.988938570022583},"size":40.010372161865237,"orthographic":false}