{"cameraMode":{"drawMode":0,"name":"Shaded","section":"Shading Mode"},"sceneLighting":false,"audioPlay":false,"sceneViewState":{"showFog":true,"showMaterialUpdate":true,"showSkybox":true,"showFlares":true,"showImageEffects":true,"showParticleSystems":true},"in2DMode":false,"pivot":{"x":1.7300000190734864,"y":2.000000238418579,"z":-9.029999732971192},"rotation":{"x":0.14536504447460175,"y":-0.807307779788971,"z":0.222843736410141,"w":0.5267484784126282},"size":7.084563255310059,"orthographic":false}